no,prediction_for_class_1
1,0.004880927037447691
2,0.0019614403136074543
3,0.010627041570842266
4,0.994279146194458
5,0.9969618916511536
6,0.0016551638254895806
7,0.005993175785988569
8,0.01055552251636982
9,0.004619899671524763
10,0.0032784300856292248
11,0.0023402159567922354
12,0.9946797490119934
13,0.008674489334225655
14,0.9899986386299133
15,0.0007664724253118038
16,0.9967411160469055
17,0.9992344379425049
18,0.9984900951385498
19,0.008204853162169456
20,0.9969286322593689
21,0.001363529940135777
22,0.002266381634399295
23,0.003990991041064262
24,0.9984036087989807
25,0.06314043700695038
26,0.9979363679885864
27,0.004511539824306965
28,0.09293463826179504
29,0.0042536091059446335
30,0.010458352044224739
31,0.003104171948507428
32,0.001712142489850521
33,0.004623242188245058
34,0.9363092184066772
35,0.003563761478289962
36,0.0052446024492383
37,0.004883232060819864
38,0.9991389513015747
39,0.03262433782219887
40,0.01154019683599472
41,0.0017004602123051882
42,0.005018568132072687
43,0.9970049262046814
44,0.007729936391115189
45,0.008412683382630348
46,0.0017344928346574306
47,0.000396817980799824
48,0.9698686003684998
49,0.0012451029615476727
50,0.00700429268181324
51,0.998166561126709
52,0.997260332107544
53,0.0030717886984348297
54,0.02030913345515728
55,0.011803671717643738
56,0.0010420861653983593
57,0.9993719458580017
58,0.9670785665512085
59,0.9954675436019897
60,0.9932670593261719
61,0.015314074233174324
62,0.9978991746902466
63,0.003117423038929701
64,0.005392482504248619
65,0.7253522276878357
66,0.008759462274610996
67,0.999284565448761
68,0.016198091208934784
69,0.9989086389541626
70,0.05446126312017441
71,0.9621736407279968
72,0.0033800688106566668
73,0.0005710217519663274
74,0.9991034865379333
75,0.9993207454681396
76,0.9918232560157776
77,0.005422027315944433
78,0.00426473980769515
79,0.9983915686607361
80,0.0008706423104740679
81,0.010491209104657173
82,0.996093213558197
83,0.005019725300371647
84,0.0035919127985835075
85,0.003969932906329632
86,0.003015515860170126
87,0.23869110643863678
88,0.9956992864608765
89,0.0058189029805362225
90,0.0034847452770918608
91,0.9983469247817993
92,0.008490913547575474
93,0.0008264213684014976
94,0.004167075268924236
95,0.9964891672134399
96,0.0031294403597712517
97,0.00637401407584548
98,0.15349581837654114
99,0.01872222311794758
100,0.9918896555900574
101,0.9965588450431824
102,0.001718553132377565
103,0.9938274025917053
104,0.9942137598991394
105,0.00152593816164881
106,0.003820120356976986
107,0.003292588284239173
108,0.0011613391106948256
109,0.013812449760735035
110,0.01927182823419571
111,0.003182176733389497
112,0.0004894279409199953
113,0.0031312243081629276
114,0.008636548183858395
115,0.9869377613067627
116,0.9927566647529602
117,0.004809280391782522
118,0.9934687614440918
119,0.0010253340005874634
120,0.004243156407028437
121,0.9923954010009766
122,0.9960337281227112
123,0.004877490922808647
124,0.006568218115717173
125,0.008414771407842636
126,0.025244666263461113
127,0.0060570514760911465
128,0.008475764654576778
129,0.9371802806854248
130,0.0005216865101829171
131,0.009840252809226513
132,0.712879478931427
133,0.982512354850769
134,0.002308343769982457
135,0.0007924077217467129
136,0.0008297919412143528
137,0.014807818457484245
138,0.056888263672590256
139,0.002252150559797883
140,0.0034352343063801527
141,0.9991483688354492
142,0.0027201687917113304
143,0.0025146943517029285
144,0.0035495224874466658
145,0.0026459856890141964
146,0.002805891213938594
147,0.011369231157004833
148,0.1546919345855713
149,0.0011578045086935163
150,0.0034683989360928535
151,0.025542380288243294
152,0.0006063986802473664
153,0.06916935741901398
154,0.019392073154449463
155,0.001157247694209218
156,0.0017406514380127192
157,0.0615033283829689
158,0.0018246460240334272
159,0.0028358232229948044
160,0.01361987553536892
161,0.9982030391693115
162,0.0054646884091198444
163,0.002151826396584511
164,0.9945681095123291
165,0.002814223524183035
166,0.07707123458385468
167,0.0025430903770029545
168,0.000989362015388906
169,0.9711726903915405
170,0.0058229039423167706
171,0.00171134143602103
172,0.9901376962661743
173,0.04206308722496033
174,0.024192582815885544
175,0.011353939771652222
176,0.001125385519117117
177,0.0004673481162171811
178,0.05235069617629051
179,0.999284565448761
180,0.0020352653227746487
181,0.0032708332873880863
182,0.0019226657459512353
183,0.0009683439275249839
184,0.002616802230477333
185,0.0014822023222222924
186,0.009470259770751
187,0.0005214354605413973
188,0.0025575016625225544
189,0.02308310754597187
190,0.0017263044137507677
191,0.0013323811581358314
192,0.00039702761569060385
193,0.9974972605705261
194,0.992296040058136
195,0.004463730845600367
196,0.00804457999765873
197,0.9951745867729187
198,0.9713292121887207
199,0.9870274662971497
200,0.0016715227393433452
201,0.02638997696340084
202,0.00914295669645071
203,0.0066942209377884865
204,0.9977561831474304
205,0.0023686534259468317
206,0.002975541865453124
207,0.003041845513507724
208,0.002453301101922989
209,0.01949985697865486
210,0.0021457562688738108
211,0.999284565448761
212,0.9979598522186279
213,0.9913948178291321
214,0.015429498627781868
215,0.004142405930906534
216,0.0025913910940289497
217,0.007449761498719454
218,0.9958412051200867
219,0.0009175608865916729
220,0.9974240064620972
221,0.009924454614520073
222,0.0026063318364322186
223,0.00048786733532324433
224,0.003909531515091658
225,0.024690452963113785
226,0.002552218269556761
227,0.0022922679781913757
228,0.0013794952537864447
229,0.9943865537643433
230,0.0015283951070159674
231,0.0035571909975260496
232,0.0024452880024909973
233,0.010302843526005745
234,0.001446530339308083
235,0.0005668581579811871
236,0.22411565482616425
237,0.0011434435145929456
238,0.002376279328018427
239,0.0031973638106137514
240,0.0006247417768463492
241,0.029243813827633858
242,0.8751959800720215
243,0.019696829840540886
244,0.00635948684066534
245,0.7511354684829712
246,0.9776394367218018
247,0.00788696389645338
248,0.004302581772208214
249,0.0018115771235898137
250,0.0028486386872828007
251,0.0034763948060572147
252,0.006683775223791599
253,0.9988210797309875
254,0.0026607064064592123
255,0.9987063407897949
256,0.004937540274113417
257,0.9931511878967285
258,0.995905876159668
259,0.0032832154538482428
260,0.018152592703700066
261,0.5789279937744141
262,0.16096103191375732
263,0.0034757424145936966
264,0.002863433910533786
265,0.005288407672196627
266,0.9976321458816528
267,0.0036492517683655024
268,0.018106481060385704
269,0.009799599647521973
270,0.005857566371560097
271,0.0038912834133952856
272,0.0012210633140057325
273,0.007443731650710106
274,0.0011540562845766544
275,0.002163997618481517
276,0.00282703572884202
277,0.06286207586526871
278,0.002581452950835228
279,0.993202805519104
280,0.002624570857733488
281,0.005457636434584856
282,0.13141228258609772
283,0.9960185885429382
284,0.4385812282562256
285,0.003934650216251612
286,0.0008872484904713929
287,0.0022116769105196
288,0.0036462172865867615
289,0.02713463082909584
290,0.0008789552375674248
291,0.9963828325271606
292,0.8137452006340027
293,0.0030913036316633224
294,0.0025062032509595156
295,0.005734719801694155
296,0.0005583040183410048
297,0.981414258480072
298,0.003574501257389784
299,0.005046247038990259
300,0.1274636685848236
301,0.04200626537203789
302,0.9969321489334106
303,0.9968258142471313
304,0.0028139345813542604
305,0.004536841996014118
306,0.009870698675513268
307,0.0009783714776858687
308,0.10831337422132492
309,0.9985796213150024
310,0.0004618754319380969
311,0.004383173305541277
312,0.002453588182106614
313,0.0026446483097970486
314,0.010089000687003136
315,0.0017693940317258239
316,0.9826132655143738
317,0.9968340992927551
318,0.9896553754806519
319,0.014383065514266491
320,0.986410915851593
321,0.004249319899827242
322,0.0009699681540951133
323,0.022871827706694603
324,0.0305786170065403
325,0.0026552595663815737
326,0.005429957993328571
327,0.9920275807380676
328,0.004654743243008852
329,0.01838378794491291
330,0.9967454671859741
331,0.0009918384021148086
332,0.0023049497976899147
333,0.001400404958985746
334,0.003168872557580471
335,0.011330647394061089
336,0.012991818599402905
337,0.014284376986324787
338,0.002282162429764867
339,0.9952095150947571
340,0.9850237369537354
341,0.011032252572476864
342,0.7540572881698608
343,0.0017061803955584764
344,0.01740485057234764
345,0.055500660091638565
346,0.0004062316147610545
347,0.0006790340994484723
348,0.0013919132761657238
349,0.9982838034629822
350,0.005522024817764759
351,0.0026495163328945637
352,0.9957312941551208
353,0.00263702729716897
354,0.002558286301791668
355,0.027972636744379997
356,0.007968774065375328
357,0.0009768992895260453
358,0.004033014178276062
359,0.9952409267425537
360,0.000933009316213429
361,0.9956633448600769
362,0.0012451029615476727
363,0.9940933585166931
364,0.9993282556533813
365,0.006500834599137306
366,0.9972420930862427
367,0.01358046941459179
368,0.3247349262237549
369,0.0038695912808179855
370,0.9981290698051453
371,0.06704480201005936
372,0.9980484247207642
373,0.0077187237329781055
374,0.002169210696592927
375,0.0032451353035867214
376,0.10573368519544601
377,0.00310039846226573
378,0.007914814166724682
379,0.008648294024169445
380,0.0033547505736351013
381,0.0012093338882550597
382,0.002454840810969472
383,0.9992771744728088
384,0.004808102734386921
385,0.008309119381010532
386,0.0009962782496586442
387,0.0016919586341828108
388,0.01516839861869812
389,0.12475485354661942
390,0.9729592800140381
391,0.011662069708108902
392,0.9847826361656189
393,0.2144453078508377
394,0.03249562531709671
395,0.9952129125595093
396,0.9993498921394348
397,0.003076427150517702
398,0.006355989258736372
399,0.9993059635162354
400,0.000730194675270468
401,0.0005107136094011366
402,0.0029709646478295326
403,0.9980366826057434
404,0.003028449835255742
405,0.04473431780934334
406,0.9978058934211731
407,0.0019004704663529992
408,0.004289786331355572
409,0.9981939196586609
410,0.0007952360901981592
411,0.0005195873673073947
412,0.9958961009979248
413,0.049316514283418655
414,0.0019387160427868366
415,0.0015549096278846264
416,0.0031156777404248714
417,0.996235191822052
418,0.0022399984300136566
419,0.005894763860851526
420,0.9891228079795837
421,0.9907316565513611
422,0.9766498804092407
423,0.004510229453444481
424,0.997912585735321
425,0.0038835504092276096
426,0.05800417438149452
427,0.9979598522186279
428,0.002938007703050971
429,0.0011283621424809098
430,0.0005839262739755213
431,0.9928043484687805
432,0.016685688868165016
433,0.00748432008549571
434,0.0005258216406218708
435,0.009554339572787285
436,0.9604869484901428
437,0.01688081957399845
438,0.9958863854408264
439,0.009503072127699852
440,0.0012847449397668242
441,0.0012490685330703855
442,0.0036640551406890154
443,0.0026063318364322186
444,0.0115739144384861
445,0.9936004877090454
446,0.9977542757987976
447,0.0017544507281854749
448,0.022355252876877785
449,0.011823289096355438
450,0.03405201435089111
451,0.003937564790248871
452,0.0030877760145813227
453,0.052072178572416306
454,0.3586578369140625
455,0.0017770037520676851
456,0.33048951625823975
457,0.9988480806350708
458,0.020319003611803055
459,0.002966648433357477
460,0.0008110196213237941
461,0.0023677274584770203
462,0.9964428544044495
463,0.0034878216683864594
464,0.018186448141932487
465,0.0856739953160286
466,0.0036091646179556847
467,0.0007225243607535958
468,0.0025228362064808607
469,0.002908627735450864
470,0.006233677733689547
471,0.9992786049842834
472,0.0014650995144620538
473,0.004712181631475687
474,0.0009938684524968266
475,0.008095771074295044
476,0.004934937693178654
477,0.9907316565513611
478,0.0016089059645310044
479,0.9902729392051697
480,0.004313389305025339
481,0.03252122923731804
482,0.007240450941026211
483,0.0029506159480661154
484,0.001361193833872676
485,0.9978446960449219
486,0.9977996945381165
487,0.005481548607349396
488,0.009329106658697128
489,0.03883194923400879
490,0.004136725328862667
491,0.0007369069498963654
492,0.0016943071968853474
493,0.023845387622714043
494,0.0017263044137507677
495,0.01048129890114069
496,0.004571622237563133
497,0.005963640287518501
498,0.0030646896921098232
499,0.005945038516074419
500,0.9950597286224365
501,0.015749426558613777
502,0.003334583016112447
503,0.007185037713497877
504,0.003983926959335804
505,0.011919553391635418
506,0.9968836903572083
507,0.9976304769515991
508,0.9992344379425049
509,0.22080634534358978
510,0.004689514636993408
511,0.002509252168238163
512,0.008142138831317425
513,0.9971489310264587
514,0.002564687281847
515,0.0012575926957651973
516,0.008141391910612583
517,0.00625253701582551
518,0.998066246509552
519,0.9965702295303345
520,0.0005908962339162827
521,0.9976323843002319
522,0.011436146683990955
523,0.0008651838288642466
524,0.005011208821088076
525,0.9872447848320007
526,0.9667689800262451
527,0.9987016916275024
528,0.9977960586547852
529,0.0006075551500543952
530,0.002437533810734749
531,0.001092483988031745
532,0.004794147796928883
533,0.0011851816670969129
534,0.011330647394061089
535,0.007053267676383257
536,0.0015994833083823323
537,0.009226729162037373
538,0.008825554512441158
539,0.0005474985809996724
540,0.8485162258148193
541,0.007985380478203297
542,0.005345851648598909
543,0.002834256971254945
544,0.0009379748371429741
545,0.0020036622881889343
546,0.005562178324908018
547,0.0010030325502157211
548,0.9987718462944031
549,0.035627882927656174
550,0.0005501580890268087
551,0.018550584092736244
552,0.00609936285763979
553,0.0023598133120685816
554,0.005793403368443251
555,0.9798081517219543
556,0.0018012362997978926
557,0.003908530808985233
558,0.008820275776088238
559,0.0042157480493187904
560,0.003710193559527397
561,0.0009321278193965554
562,0.002303848974406719
563,0.002067976864054799
564,0.002402291866019368
565,0.0010196728399023414
566,0.006435601972043514
567,0.0006802648422308266
568,0.0006959961610846221
569,0.014208833687007427
570,0.002625879133120179
571,0.003456268459558487
572,0.9141207337379456
573,0.0006273252656683326
574,0.00457279197871685
575,0.9978741407394409
576,0.05439044162631035
577,0.0006892074597999454
578,0.06583186984062195
579,0.9986036419868469
580,0.9967394471168518
581,0.009919957257807255
582,0.8429495096206665
583,0.001963893184438348
584,0.9787811636924744
585,0.003912364598363638
586,0.053571008145809174
587,0.007491709664463997
588,0.0019803254399448633
589,0.006154502741992474
590,0.003258007112890482
591,0.003925574477761984
592,0.0016312622465193272
593,0.0005737812025472522
594,0.0005684935604222119
595,0.0022246597800403833
596,0.018226824700832367
597,0.9974691867828369
598,0.01731155253946781
599,0.004106821492314339
600,0.06822632253170013
601,0.0013371481327340007
602,0.004245546646416187
603,0.0007334942347370088
604,0.052916135638952255
605,0.0033629953395575285
606,0.0006966086220927536
607,0.011345897801220417
608,0.005148264113813639
609,0.9938130378723145
610,0.018212787806987762
611,0.004102426115423441
612,0.004818566143512726
613,0.0023677274584770203
614,0.004496302921324968
615,0.006204384379088879
616,0.001979911932721734
617,0.007957341149449348
618,0.02751636691391468
619,0.0010372210526838899
620,0.0007316208211705089
621,0.011142505332827568
622,0.005479165352880955
623,0.9972700476646423
624,0.014105554670095444
625,0.001387191005051136
626,0.09976326674222946
627,0.01640675589442253
628,0.01738196797668934
629,0.006130821071565151
630,0.0016124692047014832
631,0.04797149449586868
632,0.0007644715369679034
633,0.010445396415889263
634,0.00922217033803463
635,0.011561788618564606
636,0.038801159709692
637,0.003062484785914421
638,0.08271705359220505
639,0.00045034970389679074
640,0.365113228559494
641,0.0043977051973342896
642,0.035362910479307175
643,0.9576871991157532
644,0.001195406774058938
645,0.9954051971435547
646,0.9947885274887085
647,0.001107497839257121
648,0.9981245398521423
649,0.008601317182183266
650,0.004063190892338753
651,0.005712631158530712
652,0.00709016527980566
653,0.016439160332083702
654,0.0034796888940036297
655,0.00457599014043808
656,0.001509451656602323
657,0.0041071511805057526
658,0.0013888162793591619
659,0.007444277405738831
660,0.9700667858123779
661,0.04791277274489403
662,0.005485740955919027
663,0.001330497325398028
664,0.01002604328095913
665,0.016987746581435204
666,0.002250841585919261
667,0.0007922110380604863
668,0.0004902574582956731
669,0.009532907046377659
670,0.996816098690033
671,0.0008754906593821943
672,0.001551443012431264
673,0.0027237648610025644
674,0.0028516880702227354
675,0.9988237023353577
676,0.9937449097633362
677,0.02527155540883541
678,0.004197513684630394
679,0.008441023528575897
680,0.006360215600579977
681,0.022788550704717636
682,0.001889964914880693
683,0.002595615806058049
684,0.031527962535619736
685,0.0009000580757856369
686,0.9984900951385498
687,0.0005033468478359282
688,0.96808260679245
689,0.9946276545524597
690,0.0004632639465853572
691,0.00048666808288544416
692,0.0010900160996243358
693,0.007293043192476034
694,0.0723973885178566
695,0.0016342175658792257
696,0.0006981757469475269
697,0.004086262546479702
698,0.0013248344184830785
699,0.0033418552484363317
700,0.018290426582098007
701,0.04582429677248001
702,0.07288084179162979
703,0.06167635694146156
704,0.01610361412167549
705,0.9938027858734131
706,0.000755691435188055
707,0.0037900926545262337
708,0.0010120898950845003
709,0.0005858949734829366
710,0.004201862961053848
711,0.03249562531709671
712,0.9987635612487793
713,0.006314236205071211
714,0.0035290783271193504
715,0.003185316687449813
716,0.004269748460501432
717,0.008909118361771107
718,0.0052931709215044975
719,0.0022239687386900187
720,0.05228295177221298
721,0.9962053894996643
722,0.9948863387107849
723,0.0023604072630405426
724,0.998439610004425
725,0.0013987341662868857
726,0.9976270794868469
727,0.03018634021282196
728,0.0007637143135070801
729,0.007242473773658276
730,0.02119240164756775
731,0.005610605701804161
732,0.009861815720796585
733,0.0008977293036878109
734,0.0054013971239328384
735,0.0012465768959373236
736,0.9822730422019958
737,0.031110620126128197
738,0.9628298878669739
739,0.004646644927561283
740,0.0013888671528548002
741,0.9899986386299133
742,0.9967769980430603
743,0.0016810946399345994
744,0.003388894023373723
745,0.006112972740083933
746,0.0021095722913742065
747,0.9967678785324097
748,0.0063364203087985516
749,0.008701981045305729
750,0.00533273397013545
751,0.002219213405624032
752,0.0016544791869819164
753,0.0003532317641656846
754,0.9953969120979309
755,0.9965336322784424
756,0.0017277604201808572
757,0.0007074538734741509
758,0.010400516912341118
759,0.0011664429912343621
760,0.0023592801298946142
761,0.0015691202133893967
762,0.008617809042334557
763,0.004137563984841108
764,0.0066782813519239426
765,0.9756126403808594
766,0.0066101583652198315
767,0.0010686360765248537
768,0.003835317213088274
769,0.9989439845085144
770,0.006887787953019142
771,0.9959551095962524
772,0.005283277947455645
773,0.0038008580449968576
774,0.001377863110974431
775,0.002267652191221714
776,0.0010460637276992202
777,0.0008878547814674675
778,0.00048786733532324433
779,0.0187838152050972
780,0.9871756434440613
781,0.9995256662368774
782,0.03407163545489311
783,0.0069570159539580345
784,0.007505133748054504
785,0.003476327285170555
786,0.030765580013394356
787,0.001265380997210741
788,0.058399397879838943
789,0.003553783753886819
790,0.9965930581092834
791,0.0027833087369799614
792,0.984377920627594
793,0.001746635534800589
794,0.9975923895835876
795,0.9896383285522461
796,0.012922766618430614
797,0.9964228272438049
798,0.008513456210494041
799,0.007001146208494902
800,0.9973739385604858
801,0.9982359409332275
802,0.04282952472567558
803,0.9846291542053223
804,0.0044228797778487206
805,0.04308360442519188
806,0.010076289065182209
807,0.0031987440306693316
808,0.008471698500216007
809,0.998849630355835
810,0.003456432605162263
811,0.11241431534290314
812,0.0012000740971416235
813,0.002221598755568266
814,0.003221424762159586
815,0.001463334308937192
816,0.0818910151720047
817,0.0005173530662432313
818,0.1657065749168396
819,0.9968546628952026
820,0.004789324942976236
821,0.004611263982951641
822,0.01302915159612894
823,0.0011722248746082187
824,0.9928043484687805
825,0.0004545619885902852
826,0.0021969235967844725
827,0.9969630837440491
828,0.0025158070493489504
829,0.9973843693733215
830,0.001462627318687737
831,0.004544196184724569
832,0.0023953791242092848
833,0.005660960450768471
834,0.009309731423854828
835,0.0005178215214982629
836,0.004272648598998785
837,0.002140779746696353
838,0.9985154271125793
839,0.003868033178150654
840,0.9951319694519043
841,0.007807665504515171
842,0.0027044680900871754
843,0.02620518021285534
844,0.012066630646586418
845,0.9952020645141602
846,0.9978117346763611
847,0.003253805683925748
848,0.0030757542699575424
849,0.002397459466010332
850,0.0007443015929311514
851,0.002246052259579301
852,0.005407110322266817
853,0.0034808677155524492
854,0.0010274872183799744
855,0.9975625276565552
856,0.16349078714847565
857,0.9991254210472107
858,0.00950308982282877
859,0.9972712397575378
860,0.9874727725982666
861,0.006211427506059408
862,0.016970571130514145
863,0.008503512479364872
864,0.023678945377469063
865,0.002971336245536804
866,0.001369488425552845
867,0.008936877362430096
868,0.06888101249933243
869,0.030938906595110893
870,0.005132806021720171
871,0.0032925286795943975
872,0.9969618916511536
873,0.00841357372701168
874,0.013453027233481407
875,0.02061339095234871
876,0.0032593002542853355
877,0.0017349980771541595
878,0.017369380220770836
879,0.998401939868927
880,0.002585615962743759
881,0.0020975619554519653
882,0.0008126945467665792
883,0.07162762433290482
884,0.0010692960349842906
885,0.0024197695311158895
886,0.002393243368715048
887,0.016771793365478516
888,0.016704343259334564
889,0.9795057773590088
890,0.0038387931417673826
891,0.009297842159867287
892,0.9948906898498535
893,0.0019192200852558017
894,0.0009896208066493273
895,0.0038502465467900038
896,0.021630676463246346
897,0.0013064525555819273
898,0.003896584501489997
899,0.03537280112504959
900,0.03703777864575386
901,0.002893446944653988
902,0.9983001351356506
903,0.9964891672134399
904,0.9989151954650879
905,0.9993101358413696
906,0.07256618142127991
907,0.980270504951477
908,0.0017803844530135393
909,0.9929232597351074
910,0.0031811995431780815
911,0.0009504868648946285
912,0.005547935608774424
913,0.9967018961906433
914,0.0011910643661394715
915,0.9992271661758423
916,0.017242899164557457
917,0.0025852015241980553
918,0.011065944097936153
919,0.021879414096474648
920,0.9993334412574768
921,0.005584260914474726
922,0.12905564904212952
923,0.9934964179992676
924,0.004266418982297182
925,0.0056251953355968
926,0.1876741200685501
927,0.005249996203929186
928,0.0007230440969578922
929,0.9938027858734131
930,0.0006351388874463737
931,0.9983178377151489
932,0.9971489310264587
933,0.001358073204755783
934,0.968548595905304
935,0.01144375093281269
936,0.006515189539641142
937,0.00726698711514473
938,0.004363618791103363
939,0.0005254909046925604
940,0.004693164024502039
941,0.04639275744557381
942,0.00492275133728981
943,0.00776852248236537
944,0.004976521711796522
945,0.9972525238990784
946,0.9987213015556335
947,0.0005132302176207304
948,0.9957312941551208
949,0.055500660091638565
950,0.018336044624447823
951,0.0025539305061101913
952,0.01975589245557785
953,0.0041824462823569775
954,0.014757927507162094
955,0.9979398846626282
956,0.012870149686932564
957,0.0005571424844674766
958,0.004469705745577812
959,0.03895058110356331
960,0.005479271989315748
961,0.004035182762891054
962,0.9954521059989929
963,0.01350800134241581
964,0.9834737181663513
965,0.02062172070145607
966,0.008768334984779358
967,0.004891318269073963
968,0.01156778447329998
969,0.0006290975143201649
970,0.9976630210876465
971,0.01906321942806244
972,0.9989132881164551
973,0.000991269713267684
974,0.9940529465675354
975,0.0013223132118582726
976,0.9941828846931458
977,0.0046332417987287045
978,0.007266457658261061
979,0.004743096884340048
980,0.003318142145872116
981,0.006760654505342245
982,0.01157152559608221
983,0.002527510514482856
984,0.007290657609701157
985,0.004321110900491476
986,0.003517068922519684
987,0.001127192284911871
988,0.004741915035992861
989,0.04770899936556816
990,0.00866711512207985
991,0.010140649043023586
992,0.9981290698051453
993,0.0005999694112688303
994,0.0017749825492501259
995,0.004913815762847662
996,0.003746308386325836
997,0.002711051842197776
998,0.01921633444726467
999,0.0062470706179738045
1000,0.003878497751429677
1001,0.0029609347693622112
1002,0.0006955870194360614
1003,0.005090608727186918
1004,0.9945604205131531
1005,0.011730821803212166
1006,0.023350154981017113
1007,0.00968906655907631
1008,0.0009969496168196201
1009,0.000985280959866941
1010,0.011120072565972805
1011,0.041864536702632904
1012,0.8306608200073242
1013,0.0015450426144525409
1014,0.005372858606278896
1015,0.004819144960492849
1016,0.01616722345352173
1017,0.002722343197092414
1018,0.03304431959986687
1019,0.9856861233711243
1020,0.001955570187419653
1021,0.001011484069749713
1022,0.9965357780456543
1023,0.999163031578064
1024,0.0005895073409192264
1025,0.005928429774940014
1026,0.9753034114837646
1027,0.003594206878915429
1028,0.003951237071305513
1029,0.0009007916087284684
1030,0.004902669228613377
1031,0.011872208677232265
1032,0.0015183924697339535
1033,0.0065282308496534824
1034,0.005241170525550842
1035,0.0013209128519520164
1036,0.008907169103622437
1037,0.0018452852964401245
1038,0.004869930911809206
1039,0.9994872808456421
1040,0.9736922383308411
1041,0.0016273313667625189
1042,0.001427098293788731
1043,0.023799849674105644
1044,0.9974004030227661
1045,0.0005864195991307497
1046,0.005908978637307882
1047,0.25334861874580383
1048,0.0013251429190859199
1049,0.058983076363801956
1050,0.0014615363907068968
1051,0.009177489206194878
1052,0.9978885054588318
1053,0.008814391680061817
1054,0.9911357164382935
1055,0.020205138251185417
1056,0.01951240375638008
1057,0.9921274185180664
1058,0.9985985159873962
1059,0.004237939603626728
1060,0.0008533904328942299
1061,0.13303646445274353
1062,0.0012433649972081184
1063,0.32337862253189087
1064,0.9834139943122864
1065,0.028025686740875244
1066,0.012068319134414196
1067,0.9956822395324707
1068,0.006634176708757877
1069,0.9995332956314087
1070,0.0023706487845629454
1071,0.0011340101482346654
1072,0.01741412654519081
1073,0.9950981736183167
1074,0.0030830763280391693
1075,0.040145546197891235
1076,0.003859620075672865
1077,0.001944915158674121
1078,0.03018634021282196
1079,0.005043081007897854
1080,0.0007597918738611042
1081,0.009597773663699627
1082,0.004802869167178869
1083,0.01487001869827509
1084,0.005182011052966118
1085,0.002111767651513219
1086,0.0018351462204009295
1087,0.005148435011506081
1088,0.0014653285034000874
1089,0.027286959812045097
1090,0.003335610032081604
1091,0.004241248592734337
1092,0.0069723050110042095
1093,0.0005714262370020151
1094,0.0013728203484788537
1095,0.0036492517683655024
1096,0.0012861607829108834
1097,0.9961994290351868
1098,0.012973389588296413
1099,0.9929774403572083
1100,0.005723472218960524
1101,0.02673674002289772
1102,0.0035896317567676306
1103,0.9993282556533813
1104,0.9978117346763611
1105,0.007790047209709883
1106,0.9571382999420166
1107,0.00698251323774457
1108,0.0049409642815589905
1109,0.9836446046829224
1110,0.0013234048383310437
1111,0.0008601819281466305
1112,0.988505482673645
1113,0.9936611652374268
1114,0.01637386903166771
1115,0.006314236205071211
1116,0.9969630837440491
1117,0.007033944595605135
1118,0.0032213020604103804
1119,0.017180388793349266
1120,0.0006583243375644088
1121,0.016220111399888992
1122,0.007731436286121607
1123,0.017298806458711624
1124,0.9856386780738831
1125,0.01554093323647976
1126,0.0005678231245838106
1127,0.002689950866624713
1128,0.11635543406009674
1129,0.014852733351290226
1130,0.0015289911534637213
1131,0.0052329180762171745
1132,0.0033272362779825926
1133,0.006561059970408678
1134,0.028972312808036804
1135,0.24451735615730286
1136,0.0027086471673101187
1137,0.0006465513142757118
1138,0.9974822402000427
1139,0.0008771777502261102
1140,0.9965936541557312
1141,0.013779907487332821
1142,0.9981828331947327
1143,0.997846245765686
1144,0.5362160801887512
1145,0.0013833669945597649
1146,0.007647976279258728
1147,0.002599122701212764
1148,0.9976861476898193
1149,0.0032721005845814943
1150,0.004331608768552542
1151,0.001957145519554615
1152,0.9907049536705017
1153,0.004553136415779591
1154,0.0007037654868327081
1155,0.03929464519023895
1156,0.005182263907045126
1157,0.9930583238601685
1158,0.9898540377616882
1159,0.0010172452311962843
1160,0.6864988207817078
1161,0.007943891920149326
1162,0.0008003417169675231
1163,0.9395918846130371
1164,0.2985645532608032
1165,0.02783748134970665
1166,0.9992954730987549
1167,0.0032184021547436714
1168,0.00654741981998086
1169,0.004197513684630394
1170,0.9963322281837463
1171,0.6743921637535095
1172,0.9928123354911804
1173,0.0013429634273052216
1174,0.015995752066373825
1175,0.005813391413539648
1176,0.004241248592734337
1177,0.0012897084234282374
1178,0.9989826083183289
1179,0.05488371476531029
1180,0.0007250868948176503
1181,0.0006008968339301646
1182,0.4335404932498932
1183,0.0017544507281854749
1184,0.0033632460981607437
1185,0.0058721574023365974
1186,0.0005304910591803491
1187,0.021418623626232147
1188,0.9953965544700623
1189,0.09016220271587372
1190,0.0019186894642189145
1191,0.9812995791435242
1192,0.07258640974760056
1193,0.005280074197798967
1194,0.6778611540794373
1195,0.007305098231881857
1196,0.9968572854995728
1197,0.014589939266443253
1198,0.004808549769222736
1199,0.06190763786435127
1200,0.0032462598755955696
1201,0.9988204836845398
1202,0.018215086311101913
1203,0.0019138942006975412
1204,0.0017795608146116138
1205,0.009129548445343971
1206,0.0014599694404751062
1207,0.9992210865020752
1208,0.0044905049726367
1209,0.9982542395591736
1210,0.003684453899040818
1211,0.9943127632141113
1212,0.995890200138092
1213,0.007047553081065416
1214,0.9964683055877686
1215,0.003061058698222041
1216,0.003977376036345959
1217,0.002824891358613968
1218,0.005012928508222103
1219,0.023300349712371826
1220,0.026355046778917313
1221,0.04521159827709198
1222,0.002511715516448021
1223,0.0048211077228188515
1224,0.0005607861094176769
1225,0.0005547376349568367
1226,0.01541028544306755
1227,0.0005820519872941077
1228,0.0019250124460086226
1229,0.9970394968986511
1230,0.00046034276601858437
1231,0.007989094592630863
1232,0.9711726903915405
1233,0.0010589365847408772
1234,0.013298542238771915
1235,0.9970049262046814
1236,0.0034265462309122086
1237,0.017894092947244644
1238,0.9955859184265137
1239,0.016483064740896225
1240,0.11251562833786011
1241,0.0035085980780422688
1242,0.0011851184535771608
1243,0.004157988820225
1244,0.9963772892951965
1245,0.013298542238771915
1246,0.0008461584220640361
1247,0.023531919345259666
1248,0.0007988658035174012
1249,0.0010167069267481565
1250,0.9981538653373718
1251,0.0007823145133443177
1252,0.021088305860757828
1253,0.003837934462353587
1254,0.009188813157379627
1255,0.0019702399149537086
1256,0.01548507809638977
1257,0.00846049003303051
1258,0.9730437397956848
1259,0.0012676360784098506
1260,0.9850068688392639
1261,0.1498592346906662
1262,0.0007526004919782281
1263,0.9921274185180664
1264,0.06915036588907242
1265,0.007445835042744875
1266,0.027679815888404846
1267,0.9961916208267212
1268,0.01818942092359066
1269,0.9993599057197571
1270,0.010119395330548286
1271,0.003777372417971492
1272,0.06915036588907242
1273,0.006264735013246536
1274,0.5337720513343811
1275,0.0010456747841089964
1276,0.9853900671005249
1277,0.0021660649217665195
1278,0.9749211668968201
1279,0.004025109577924013
1280,0.004218898247927427
1281,0.0028480361215770245
1282,0.2322728931903839
1283,0.9971983432769775
1284,0.012492417357861996
1285,0.006967723835259676
1286,0.00380798545666039
1287,0.9970589876174927
1288,0.0035081978421658278
1289,0.0008836375782266259
1290,0.001018222072161734
1291,0.003307281993329525
1292,0.0010315360268577933
1293,0.005481054540723562
1294,0.0026066864375025034
1295,0.9903106093406677
1296,0.005604506004601717
1297,0.001537409843876958
1298,0.006798857823014259
1299,0.0029583838768303394
1300,0.001967002172023058
1301,0.007265542633831501
1302,0.01182786375284195
1303,0.005512828007340431
1304,0.026826467365026474
1305,0.016603007912635803
1306,0.006054671946913004
1307,0.9946541786193848
1308,0.9971253275871277
1309,0.0034124318044632673
1310,0.9865933656692505
1311,0.00161947391461581
1312,0.0004844143695663661
1313,0.01677590049803257
1314,0.10173064470291138
1315,0.05451589822769165
1316,0.0009868775960057974
1317,0.04964817315340042
1318,0.979691207408905
1319,0.0017248505027964711
1320,0.004193561151623726
1321,0.0029752617701888084
1322,0.9977881908416748
1323,0.9971400499343872
1324,0.0050222864374518394
1325,0.9943127632141113
1326,0.01823354884982109
1327,0.038720469921827316
1328,0.9970049262046814
1329,0.001985133858397603
1330,0.9987180233001709
1331,0.0015568429371342063
1332,0.018186448141932487
1333,0.009572044014930725
1334,0.973483681678772
1335,0.9973739385604858
1336,0.0009972668485715985
1337,0.9967678785324097
1338,0.0005922960117459297
1339,0.0016121299704536796
1340,0.003093977691605687
1341,0.98841792345047
1342,0.0023706487845629454
1343,0.0015177072491496801
1344,0.003557733492925763
1345,0.9990947246551514
1346,0.021063121035695076
1347,0.002996748546138406
1348,0.00488449027761817
1349,0.008029278367757797
1350,0.0018326244316995144
1351,0.996951699256897
1352,0.00047460972564294934
1353,0.985919713973999
1354,0.0009534522541798651
1355,0.0027303032111376524
1356,0.007597412448376417
1357,0.9990690350532532
1358,0.003707668511196971
1359,0.00465319724753499
1360,0.02003900706768036
1361,0.9978991746902466
1362,0.011639985255897045
1363,0.0045983619056642056
1364,0.9964616894721985
1365,0.0030936540570110083
1366,0.0021263023372739553
1367,0.023514389991760254
1368,0.9978991746902466
1369,0.0015651866560801864
1370,0.0013574504991993308
1371,0.9920125603675842
1372,0.007731523830443621
1373,0.0031903258059173822
1374,0.8380317091941833
1375,0.9976323843002319
1376,0.0010870818514376879
1377,0.0007452710997313261
1378,0.00778598990291357
1379,0.0007446510717272758
1380,0.0014226543717086315
1381,0.9939993619918823
1382,0.9988480806350708
1383,0.0009247428388334811
1384,0.0026455754414200783
1385,0.06009193882346153
1386,0.005725787486881018
1387,0.004357689525932074
1388,0.9887346625328064
1389,0.9990707039833069
1390,0.008924747817218304
1391,0.0008862109389156103
1392,0.9909695982933044
1393,0.09592309594154358
1394,0.0020633747335523367
1395,0.0025819328147917986
1396,0.003460100619122386
1397,0.0499996617436409
1398,0.9985985159873962
1399,0.006832809187471867
1400,0.0027515366673469543
1401,0.9928032755851746
1402,0.006716267205774784
1403,0.2930389642715454
1404,0.022939419373869896
1405,0.0033044477459043264
1406,0.0009762527188286185
1407,0.02575196884572506
1408,0.11370962113142014
1409,0.0029987692832946777
1410,0.9993207454681396
1411,0.0013185178395360708
1412,0.9990947246551514
1413,0.004098342731595039
1414,0.0054929121397435665
1415,0.0029113851487636566
1416,0.001774860080331564
1417,0.0012061110464856029
1418,0.010617665946483612
1419,0.023465203121304512
1420,0.014138535596430302
1421,0.9945864677429199
1422,0.016562361270189285
1423,0.002403645310550928
1424,0.17139023542404175
1425,0.06716889888048172
1426,0.04400308057665825
1427,0.24816951155662537
1428,0.0017532050842419267
1429,0.008659695275127888
1430,0.015725761651992798
1431,0.0020119547843933105
1432,0.005508114118129015
1433,0.9834139943122864
1434,0.010280651971697807
1435,0.004558170679956675
1436,0.025318188592791557
1437,0.9993207454681396
1438,0.997257649898529
1439,0.005132806021720171
1440,0.003497420810163021
1441,0.010682881809771061
1442,0.23869110643863678
1443,0.9979413151741028
1444,0.0014730540569871664
1445,0.0030818472150713205
1446,0.0023975539952516556
1447,0.01774498261511326
1448,0.0006420613499358296
1449,0.0016018212772905827
1450,0.9975322484970093
1451,0.009937295690178871
1452,0.9913088083267212
1453,0.0049910214729607105
1454,0.9974278807640076
1455,0.9981630444526672
1456,0.016731565818190575
1457,0.006691633723676205
1458,0.004546116106212139
1459,0.0005843786057084799
1460,0.022392457351088524
1461,0.0011738295434042811
1462,0.0438796803355217
1463,0.008828332647681236
1464,0.0014579652342945337
1465,0.0024057626724243164
1466,0.0474829263985157
1467,0.006579375825822353
1468,0.009747162461280823
1469,0.0005008839070796967
1470,0.006670545320957899
1471,0.9968546628952026
1472,0.011925715953111649
1473,0.03132285922765732
1474,0.9503226280212402
1475,0.0008190395310521126
1476,0.006943373940885067
1477,0.00660264166072011
1478,0.9920886754989624
1479,0.007465489208698273
1480,0.06042313203215599
1481,0.03274918347597122
1482,0.9950593709945679
1483,0.02305074781179428
1484,0.9947339296340942
1485,0.012312930077314377
1486,0.003160590073093772
1487,0.009147774428129196
1488,0.0033907145261764526
1489,0.0007225243607535958
1490,0.9966495633125305
1491,0.0005271275877021253
1492,0.9920333027839661
1493,0.0015257137129083276
1494,0.0069736153818666935
1495,0.9993207454681396
1496,0.00391331035643816
1497,0.018781671300530434
1498,0.004534635227173567
1499,0.005123940762132406
1500,0.003445823909714818
1501,0.9972366094589233
1502,0.9919398427009583
1503,0.003217528574168682
1504,0.9962829947471619
1505,0.9977344274520874
1506,0.0054929121397435665
1507,0.005630710627883673
1508,0.009467482566833496
1509,0.9851443767547607
1510,0.0009549008682370186
1511,0.0016523548401892185
1512,0.0025957946199923754
1513,0.0006396201206371188
1514,0.0013079845812171698
1515,0.01774793304502964
1516,0.006164175923913717
1517,0.02457856386899948
1518,0.9949498176574707
1519,0.43867719173431396
1520,0.011151609010994434
1521,0.004976809956133366
1522,0.0204682108014822
1523,0.0027445689775049686
1524,0.9981258511543274
1525,0.0254058837890625
1526,0.9848543405532837
1527,0.001436936785466969
1528,0.009724925272166729
1529,0.02082281932234764
1530,0.9988559484481812
1531,0.2059432417154312
1532,0.03718965873122215
1533,0.008768443018198013
1534,0.07209299504756927
1535,0.0009504868648946285
1536,0.002705444348976016
1537,0.014158529229462147
1538,0.9993207454681396
1539,0.03761310502886772
1540,0.9968807697296143
1541,0.002118703443557024
1542,0.03638835996389389
1543,0.021296845749020576
1544,0.9910112619400024
1545,0.9936896562576294
1546,0.009512919932603836
1547,0.006149249151349068
1548,0.004913066979497671
1549,0.001934766536578536
1550,0.003903948236256838
1551,0.008494780398905277
1552,0.9901129007339478
1553,0.003857426345348358
1554,0.0014801514334976673
1555,0.004069059155881405
1556,0.9970049262046814
1557,0.2506604492664337
1558,0.0010676397942006588
1559,0.9978107810020447
1560,0.044549793004989624
1561,0.018325360491871834
1562,0.003072765888646245
1563,0.00335751473903656
1564,0.0006179623305797577
1565,0.005858046934008598
1566,0.011497413739562035
1567,0.0015849643386900425
1568,0.9958439469337463
1569,0.0034885560162365437
1570,0.9978105425834656
1571,0.004713781177997589
1572,0.005870036780834198
1573,0.0029922937974333763
1574,0.003956816624850035
1575,0.000996447284705937
1576,0.0017079778481274843
1577,0.14852787554264069
1578,0.0018927771598100662
1579,0.015353607945144176
1580,0.0025075972080230713
1581,0.02404189668595791
1582,0.0011519206454977393
1583,0.019379228353500366
1584,0.004300384316593409
1585,0.007012196816504002
1586,0.0008742194622755051
1587,0.0026389958802610636
1588,0.9976430535316467
1589,0.9890256524085999
1590,0.993016242980957
1591,0.9753034114837646
1592,0.0049422066658735275
1593,0.1545262336730957
1594,0.014455297030508518
1595,0.0019355954136699438
1596,0.0856739953160286
1597,0.9975810050964355
1598,0.002014094963669777
1599,0.004784929100424051
1600,0.9961949586868286
1601,0.0005049104802310467
1602,0.153059720993042
1603,0.002372751710936427
1604,0.004198675509542227
1605,0.9964458346366882
1606,0.006337188649922609
1607,0.002164243720471859
1608,0.00854137446731329
1609,0.9954873919487
1610,0.03743330016732216
1611,0.0032970996107906103
1612,0.015803344547748566
1613,0.00385035271756351
1614,0.0014814832247793674
1615,0.006134047172963619
1616,0.09120215475559235
1617,0.9968774318695068
1618,0.10078952461481094
1619,0.002386318054050207
1620,0.003854696871712804
1621,0.8948122262954712
1622,0.0032529584132134914
1623,0.010003256611526012
1624,0.00031091508571989834
1625,0.9912851452827454
1626,0.0017827308038249612
1627,0.17723985016345978
1628,0.01006940845400095
1629,0.9951217770576477
1630,0.9982498288154602
1631,0.006959546357393265
1632,0.9992595314979553
1633,0.9977419376373291
1634,0.044004566967487335
1635,0.0042968327179551125
1636,0.9925869107246399
1637,0.4200749695301056
1638,0.07511070370674133
1639,0.007240789942443371
1640,0.0035316345747560263
1641,0.003897041315212846
1642,0.007947827689349651
1643,0.9930563569068909
1644,0.0008630381198599935
1645,0.001712142489850521
1646,0.9993498921394348
1647,0.0012419919949024916
1648,0.006199746858328581
1649,0.005384488496929407
1650,0.9711726903915405
1651,0.0003709753218572587
1652,0.9974332451820374
1653,0.0017998917028307915
1654,0.1471998244524002
1655,0.015615308657288551
1656,0.0005541288410313427
1657,0.031909290701150894
1658,0.9988765120506287
1659,0.020447593182325363
1660,0.3605313301086426
1661,0.022455649450421333
1662,0.0020101889967918396
1663,0.006662424188107252
1664,0.008046425879001617
1665,0.002800980117172003
1666,0.031025653705000877
1667,0.0005961143178865314
1668,0.0006524520576931536
1669,0.9912780523300171
1670,0.9955908060073853
1671,0.0017171303043141961
1672,0.005279275123029947
1673,0.008324138820171356
1674,0.0027544519398361444
1675,0.004617604427039623
1676,0.32191118597984314
1677,0.9969083666801453
1678,0.005754067096859217
1679,0.005170077551156282
1680,0.0023804688826203346
1681,0.022273052483797073
1682,0.0016794835682958364
1683,0.005839434918016195
1684,0.006703717168420553
1685,0.013774982653558254
1686,0.00041501104715280235
1687,0.0007066971156746149
1688,0.9924514889717102
1689,0.003040934447199106
1690,0.00814579427242279
1691,0.024835538119077682
1692,0.0021491229999810457
1693,0.9941277503967285
1694,0.006749066989868879
1695,0.9977635145187378
1696,0.0011940645053982735
1697,0.9992722868919373
1698,0.009287082590162754
1699,0.9956094622612
1700,0.9930376410484314
1701,0.003358924062922597
1702,0.012140677310526371
1703,0.003460100619122386
1704,0.0007583404658362269
1705,0.005481054540723562
1706,0.9982821941375732
1707,0.026789573952555656
1708,0.9959922432899475
1709,0.0033138475846499205
1710,0.006115963216871023
1711,0.000667245127260685
1712,0.0027451524510979652
1713,0.0013294010423123837
1714,0.016653627157211304
1715,0.0032532119657844305
1716,0.512488603591919
1717,0.015085559338331223
1718,0.9761017560958862
1719,0.0006136587471701205
1720,0.0024641016498208046
1721,0.001348920282907784
1722,0.9976783394813538
1723,0.9845600128173828
1724,0.9879013299942017
1725,0.9964259266853333
1726,0.7114159464836121
1727,0.0033278511837124825
1728,0.0013561926316469908
1729,0.010101519525051117
1730,0.0007050386047922075
1731,0.00660264166072011
1732,0.0046880305744707584
1733,0.994927167892456
1734,0.001985549693927169
1735,0.0028907875530421734
1736,0.00438035000115633
1737,0.9946282505989075
1738,0.0012514342088252306
1739,0.9938716888427734
1740,0.0023078254889696836
1741,0.0007647433667443693
1742,0.0021818827372044325
1743,0.0008391439914703369
1744,0.001967699732631445
1745,0.0019403407350182533
1746,0.0007176094222813845
1747,0.002061468781903386
1748,0.008888074196875095
1749,0.21273159980773926
1750,0.0008395767072215676
1751,0.0022143754176795483
1752,0.0021375673823058605
1753,0.9985879063606262
1754,0.0016420901520177722
1755,0.025659706443548203
1756,0.003901734482496977
1757,0.9991483688354492
1758,0.008254393003880978
1759,0.9975142478942871
1760,0.9975923895835876
1761,0.9417394399642944
1762,0.0016709188930690289
1763,0.9468424916267395
1764,0.0035108227748423815
1765,0.048248540610075
1766,0.003351404331624508
1767,0.034034740179777145
1768,0.004007576499134302
1769,0.9975695013999939
1770,0.0020300759933888912
1771,0.0004802887560799718
1772,0.0005388788413256407
1773,0.09592309594154358
1774,0.014046982862055302
1775,0.007343378849327564
1776,0.0037359632551670074
1777,0.004326059948652983
1778,0.001856018090620637
1779,0.0014035190688446164
1780,0.002835952676832676
1781,0.0005556859541684389
1782,0.0011216786224395037
1783,0.0017589469207450747
1784,0.9982876181602478
1785,0.9978590607643127
1786,0.1838858425617218
1787,0.007964213378727436
1788,0.9959971904754639
1789,0.005289358552545309
1790,0.0074982112273573875
1791,0.004065480083227158
1792,0.002299696672707796
1793,0.9969735145568848
1794,0.0019327952759340405
1795,0.004562153946608305
1796,0.00038946871063672006
1797,0.03458312898874283
1798,0.007695334497839212
1799,0.9954283237457275
1800,0.0009316341602243483
1801,0.0006202869699336588
1802,0.0020404302049428225
1803,0.002098082099109888
1804,0.020934993401169777
1805,0.9915136694908142
1806,0.0025086866226047277
1807,0.9072778820991516
1808,0.002263216068968177
1809,0.0077773043885827065
1810,0.9993334412574768
1811,0.002048783004283905
1812,0.0020401913207024336
1813,0.014760145917534828
1814,0.0043337298557162285
1815,0.007581828627735376
1816,0.005425965413451195
1817,0.006880778819322586
1818,0.0029081644024699926
1819,0.997960090637207
1820,0.005008993670344353
1821,0.998524010181427
1822,0.9824951887130737
1823,0.0016709188930690289
1824,0.0008575005922466516
1825,0.000684168771840632
1826,0.005894763860851526
1827,0.003554876195266843
1828,0.010002052411437035
1829,0.009964651428163052
1830,0.020685460418462753
1831,0.996816098690033
1832,0.9994408488273621
1833,0.00840218085795641
1834,0.004963057581335306
1835,0.0008543833973817527
1836,0.0032541488762944937
1837,0.0018670939607545733
1838,0.0005051494808867574
1839,0.9926515221595764
1840,0.0021853444632142782
1841,0.9965531826019287
1842,0.9955251812934875
1843,0.9968807697296143
1844,0.01548507809638977
1845,0.00617469847202301
1846,0.012249557301402092
1847,0.006532985717058182
1848,0.01947917602956295
1849,0.0009334441274404526
1850,0.9938887357711792
1851,0.009008080698549747
1852,0.005286005325615406
1853,0.012361468747258186
1854,0.021403636783361435
1855,0.006753905210644007
1856,0.9980015158653259
1857,0.00783898588269949
1858,0.005106277298182249
1859,0.00231539155356586
1860,0.9940468072891235
1861,0.988505482673645
1862,0.4200749695301056
1863,0.030332574620842934
1864,0.9917098879814148
1865,0.006994588300585747
1866,0.002166141290217638
1867,0.10327079147100449
1868,0.0024891092907637358
1869,0.007905473932623863
1870,0.0015311030438169837
1871,0.011643145233392715
1872,0.006925265304744244
1873,0.9992595314979553
1874,0.9987523555755615
1875,0.001648048171773553
1876,0.9951955676078796
1877,0.014847598038613796
1878,0.01250776182860136
1879,0.9876074194908142
1880,0.993161678314209
1881,0.0029202920850366354
1882,0.0006687935092486441
1883,0.9853900671005249
1884,0.014373422600328922
1885,0.00047752351383678615
1886,0.0021151015534996986
1887,0.009273207746446133
1888,0.0017998917028307915
1889,0.005043604876846075
1890,0.01257241703569889
1891,0.00794338807463646
1892,0.9906499981880188
1893,0.0022459272295236588
1894,0.001943949144333601
1895,0.9937361478805542
1896,0.36309435963630676
1897,0.002835952676832676
1898,0.0005742884241044521
1899,0.007886087521910667
1900,0.9849354028701782
1901,0.050873592495918274
1902,0.010448363609611988
1903,0.003558668540790677
1904,0.0008645381894893944
1905,0.9956028461456299
1906,0.000557907740585506
1907,0.9869580864906311
1908,0.0035428518895059824
1909,0.0018987952498719096
1910,0.005904941353946924
1911,0.003033935558050871
1912,0.003216210752725601
1913,0.0013455592561513186
1914,0.9977596998214722
1915,0.9977321624755859
1916,0.9924514889717102
1917,0.0018824097933247685
1918,0.001967522781342268
1919,0.19579505920410156
1920,0.0023124811705201864
1921,0.989484965801239
1922,0.0030621748883277178
1923,0.0007092332816682756
1924,0.028886498883366585
1925,0.9933450222015381
1926,0.00509452261030674
1927,0.98729008436203
1928,0.9977649450302124
1929,0.0014437002828344703
1930,0.9967848062515259
1931,0.9958494901657104
1932,0.9953023195266724
1933,0.003425571136176586
1934,0.001701891771517694
1935,0.0021836867090314627
1936,0.002966600703075528
1937,0.01384724210947752
1938,0.09171157330274582
1939,0.0004061951767653227
1940,0.007678191643208265
1941,0.000997832859866321
1942,0.0031611023005098104
1943,0.0005727283423766494
1944,0.0020069421734660864
1945,0.004259723238646984
1946,0.0026279431767761707
1947,0.10050737112760544
1948,0.9968444108963013
1949,0.0014653444522991776
1950,0.9839301705360413
1951,0.0005184870678931475
1952,0.0036468913313001394
1953,0.029645472764968872
1954,0.003896584501489997
1955,0.9936680197715759
1956,0.0018834647489711642
1957,0.9972360730171204
1958,0.02218160592019558
1959,0.004446137696504593
1960,0.996235191822052
1961,0.012077066116034985
1962,0.006001354195177555
1963,0.001081911032088101
1964,0.024187946692109108
1965,0.9955053329467773
1966,0.013863791711628437
1967,0.019275780767202377
1968,0.0035077559296041727
1969,0.0027285171672701836
1970,0.008707473985850811
1971,0.006127030588686466
1972,0.021786095574498177
1973,0.00037522820639424026
1974,0.00733537832275033
1975,0.0016482201172038913
1976,0.9988559484481812
1977,0.0016386191127821803
1978,0.0036492517683655024
1979,0.0015918874414637685
1980,0.0009286829736083746
1981,0.0006843722076155245
1982,0.005111218895763159
1983,0.008526216261088848
1984,0.0025310220662504435
1985,0.009646521881222725
1986,0.003154952544718981
1987,0.04015139862895012
1988,0.003174204844981432
1989,0.0038215687964111567
1990,0.995201826095581
1991,0.9994310736656189
1992,0.0012906232150271535
1993,0.01584480330348015
1994,0.012293500825762749
1995,0.9620851278305054
1996,0.04594673588871956
1997,0.5337720513343811
1998,0.9973796606063843
1999,0.009844695217907429
2000,0.0012362165143713355
